  - date: "March 24 2006"
    venue: "Penn's Peak"
    location: "Jim Thorpe, PA"

  - date: "March 25 2006"
    venue: "The Rex Theatre"
    location: "Pittsburgh, PA"

  - date: "March 31 2006"
    venue: "The North Fork Theatre at Westbury"
    location: "Westbury, NY"

  - date: "April 7 2006"
    venue: "Norva Theatre"
    location: "Norfolk, VA"

  - date: "April 21 2006"
    venue: "The Webster Theatre"
    location: "Hartford, CT"

  - date: "April 29 2006"
    venue: "The New York State Fairground/ Verizon Center"
    location: "Syracuse, NY"

  - date: "May 5 2006"
    venue: "The Chance Theatre"
    location: "Poughkeepsie, NY"

  - date: "May 6 2006"
    venue: "BB King Blues"
    location: "NY, NY"

  - date: "May 13 2006"
    venue: "Whitiker Center"
    location: "THE WALL 8 PM"

  - date: "May 13 2006"
    venue: "Stadthalle"
    location: "Tuttlingen, Germany"

  - date: "May 19 2006"
    venue: "Keswick Theatre"
    location: "Glenside, PA"

  - date: "May 20 2006"
    venue: "The State Theatre"
    location: "Falls Church, VA"

  - date: "June 2 2006"
    venue: "Hat City Music Festival"
    location: "Danbury, CT"

  - date: "June 3 2006"
    venue: "Magic City Music Hall"
    location: "Binhamton /"

  - date: "June 10 2006"
    venue: "Toads Place"
    location: "New Haven, CT"

  - date: "June 15 2006"
    venue: "Majestic Theatre"
    location: "Detroit, MI"

  - date: "June 16 2006"
    venue: "Cubby Bear"
    location: "Chicago,IL"

  - date: "June 17 2006"
    venue: "Music Mill"
    location: "Indianapolis, IN"

  - date: "June 23 2006"
    venue: "The Strarland Ballroom"
    location: "Sayerville, NJ"

  - date: "July 6 2006"
    venue: "Bottle & Cork"
    location: "Dewey Beach, DE"

  - date: "July 7 2006"
    venue: "House of Blues Atlantic City"
    location: "Atlantic City, NJ"

  - date: "July 28 2006"
    venue: "Rocks Off Concert Cruise"
    location: "42 St Piers- NYC"

  - date: "August 4 2006"
    venue: "Summer Stage at TAG's"
    location: "Corning, NY"

  - date: "August 5 2006"
    venue: "Almost Live Festival"
    location: "Deansboro, NY"

  - date: "August 6 2006"
    venue: "Musikfest 2006"
    location: "Bethlehem, PA"

  - date: "August 11 2006"
    venue: "Toads place"
    location: "New Haven, CT"

  - date: "August 26 2006"
    venue: "Brookhaven Ampitheatre"
    location: "Farmingville, NY"

  - date: "September 15 2006"
    venue: "Lupos @ The Strand Theatre"
    location: "Providence, RI"

  - date: "September 22 2006"
    venue: "BB KINGS"
    location: "NYC"

  - date: "September 23 2006"
    venue: "Higher Ground"
    location: "Burlington, VT"

  - date: "October 2 2006"
    venue: "Oct 6"
    venue: "Penn's Peak"
    location: "JIm Thopre, PA"

  - date: "October 13 2006"
    venue: "Tarrytown Music Hall"
    location: "Tarrytown, NY"

  - date: "October 14 2006"
    venue: "Eastern State Exposition Grounds-Young Exhibit Bldg."
    location: "1005 Memorial Ave,Springfield, MA"

  - date: "October 20 2006"
    venue: "Calumet Theatre"
    location: "Calumet, MI"

  - date: "October 28 2006"
    venue: "The Chance"
    location: "Poughkeepsie,NY"

  - date: "November 15 2006"
    venue: "Rox"
    location: "Willmington, NC"

  - date: "November 16 2006"
    venue: "Carolina Theatre of Durham"
    location: "Durham, NC"

  - date: "November 17 2006"
    venue: "Isothermal Comunity College"
    location: "Spindale, NC"

  - date: "November 18 2006"
    venue: "High Point Theatre"
    location: "High Point, NC"

  - date: "November 22 2006"
    venue: "Whitaker Center"
    location: "Harrisburg, PA"

  - date: "November 24 2006"
    venue: "Keswick Theatre"
    location: "Glenside,PA"

  - date: "November 25 2006"
    venue: "StarlandBallroom"
    location: "Sayerville, NJ"

  - date: "December 2 2006"
    venue: "The State Theatre"
    location: "Falls Church,VA"

  - date: "December 8 2006"
    venue: "Stadthalle"
    location: "Tuttlingen, Germany"

  - date: "December 9 2006"
    venue: "Stadthalle"
    location: "Tuttlingen, Germany"

  - date: "December 10 2006"
    venue: "Phönixhalle"
    location: "Mainz,Germany"

  - date: "December 11 2006"
    venue: "Ancienne Belgique"
    location: "Bruxelles, Belgium"

  - date: "December 12 2006"
    venue: "Colosseum"
    location: "Essen, Germany"

  - date: "December 13 2006"
    venue: "Saarlandhalle"
    location: "Saarbrücken, Germany"

  - date: "December 14 2006"
    venue: "Le Fourm"
    location: "Liège, Belgium"

  - date: "December 15 2006"
    venue: "Brückenforum"
    location: "Bonn, Germany"

  - date: "December 16 2006"
    venue: "De Vereeniging"
    location: "Nijmegen, Netherlands"

  - date: "December 17 2006"
    venue: "Pepsi Stage Hall"
    location: "Amsterdam, Netherlands"

  - date: "December 28 2006"
    venue: "BB KING's NYC"
    location: "NYC"

  - date: "December 29 2006"
    venue: "BB KING's NYC"
    location: "NYC"

  - date: "December 31 2006"
    venue: "Whitaker Center"
    location: "Harrisburg,PA"

  - date: "January 13 2007"
    venue: "House of Blues"
    location: "Atlantic City , NJ"

  - date: "January 16 2007"
    venue: "House of Blues"
    location: "New Orleans, LA"

  - date: "January 17 2007"
    venue: "Mobile Civic Center"
    location: "Mobile, AL"

  - date: "January 18 2007"
    venue: "Blue Cats"
    location: "Knoxville, TN"

  - date: "January 19 2007"
    venue: "Variety Playhouse"
    location: "Atlanta,Georgia"

  - date: "January 20 2007"
    venue: "The Orange Peel"
    location: "Asheville, NC"

  - date: "January 21 2007"
    venue: "The Exit Inn"
    location: "Nashville, TN"

  - date: "January 24 2007"
    venue: "The Music Farm"
    location: "Charleston, NC"

  - date: "January 25 2007"
    venue: "The Visualite Theatre"
    location: "Charlotte, NC"

  - date: "January 26 2007"
    venue: "The lincon Theatre"
    location: "Raleigh, NC"

  - date: "January 27 2007"
    venue: "The Norva Theatre"
    location: "Norfolk, VA"

  - date: "February 3 2007"
    venue: "Lupos @ The Strand Theatre"
    location: "Providence, RI"

  - date: "February 10 2007"
    venue: "Rams Head Live!"
    location: "Baltimore, MD"

  - date: "February 15 2007"
    venue: "The Pickle Barrel"
    location: "Killington, VT"

  - date: "February 15 2007"
    venue: "Rutland State Prison"
    location: "Rutland, VT"

  - date: "February 23 2007"
    venue: "The Rex Theatre"
    location: "Pittsburgh, PA"

  - date: "February 24 2007"
    venue: "Arcadia Performing Arts Center"
    location: "Windber, PA"

  - date: "March 2 2007"
    venue: "Sovereign Performing Arts Center"
    location: "Reading, PA"

  - date: "March 3 2007"
    venue: "Seneca Niagara Casino"
    location: "Niagra Falls, NY"

  - date: "March 9 2007"
    venue: "Toads Place"
    location: "New Haven, CT"

  - date: "March 17 2007"
    venue: "TBA"
    location: "GUATEMALA"

  - date: "March 31 2007"
    venue: "Paramount Theatre"
    location: "Middletown, NY"

  - date: "April 13 2007"
    venue: "Water Street Music Hall"
    location: "Rochester, NY"

  - date: "April 20 2007"
    venue: "Shea Center @ William Patterson University"
    location: "Wayne,NJ"

  - date: "April 21 2007"
    venue: "North Fork Theatre at Westbury"
    location: "Westbury, NY"

  - date: "April 28 2007"
    venue: "Magic City Music Hall"
    location: "Binghamton, NY - 8pm"

  - date: "May 3 2007"
    venue: "Auditorio Nacional"
    location: "San Jose"

  - date: "May 4 2007"
    venue: "Auditorio Nacional"
    location: "San Jose"

  - date: "May 5 2007"
    venue: "Ojo De Agua"
    location: "Jan Jose"

  - date: "May 10 2007"
    venue: "TBA"
    location: "El Salvador"

  - date: "May 12 2007"
    venue: "TBA"
    location: "Honduras"

  - date: "May 18 2007"
    venue: "The Keswick Theatre"
    location: "Glenside, PA"

  - date: "June 1 2007"
    venue: "Whitaker Center"
    location: "Harrisburg,PA"

  - date: "June 2 2007"
    venue: "The State Theatre"
    location: "Falls Church, VA"

  - date: "June 7 2007"
    venue: "Carolina Theatre"
    location: "Greensboro, NC"

  - date: "June 8 2007"
    venue: "The LinconTheatre"
    location: "Raleigh, NC"

  - date: "June 9 2007"
    venue: "The Orange Peel"
    location: "Asheville, NC"

  - date: "June 10 2007"
    venue: "River Bend Festival"
    location: "Chattanooga, TN"

  - date: "June 22 2007"
    venue: "Starland Ballroom"
    location: "Sayerville, NJ- 9.30 pm"

  - date: "June 23 2007"
    venue: "Penn's Peak"
    location: "Jim Thorpe,PA"

  - date: "June 29 2007"
    venue: "Daniel Street"
    location: "Milford, Ct"

  - date: "July 4 2007"
    venue: "Hard Rock Cafe-Outdoors"
    location: "Baltimore, MD"

  - date: "July 7 2007"
    venue: "Max M. Fisher Music Center"
    location: "Detroit, MI"

  - date: "July 13 2007"
    venue: "Rocks off Concert Cruise"
    location: "New York, NY"

  - date: "July 20 2007"
    venue: "House of Blues Atlantic City"
    location: "Atlantic City,NJ"

  - date: "July 28 2007"
    venue: "Rock Of Ages Festival"
    location: "Seebronn, Germany"

  - date: "August 3 2007"
    venue: "The Norva Theatre"
    location: "Norfolk,VA"

  - date: "August 10 2007"
    venue: "Between The Bridges Festival"
    location: "Chattanooga,TN"

  - date: "August 17 2007"
    venue: "Lake Champlain Maritime Festival"
    location: "Burlington, VT Waterfront"

  - date: "August 18 2007"
    venue: "TAG's Summer Stage"
    location: "Big Flats, NY"

  - date: "August 31 2007"
    venue: "Rocks Off Concert Cruise"
    location: "New York,NY"

  - date: "September 1 2007"
    venue: "The Surf Club"
    location: "Ortley Beach, NJ"

  - date: "September 2 2007"
    venue: "Budwiser Ampitheatre"
    location: "Syracuse, NY"

  - date: "September 14 2007"
    venue: "The State Theatre"
    location: "State College, PA"

  - date: "September 21 2007"
    venue: "Sovereign Center"
    location: "Reading, PA"

  - date: "September 22 2007"
    venue: "Carnegie Music Hall"
    location: "Pittsburgh,PA"

  - date: "September 28 2007"
    venue: "Calumet Theater"
    location: "Calumet, MI"

  - date: "September 29 2007"
    venue: "Calumet Theater"
    location: "Calumet, MI"

  - date: "October 13 2007"
    venue: "The Paramount"
    location: "Middletown, NY"

  - date: "October 19 2007"
    venue: "Pearl Street"
    location: "Northampton, MA"

  - date: "October 20 2007"
    venue: "Tarrytown Music Hall"
    location: "Tarrytown, NY"

  - date: "October 26 2007"
    venue: "Lebanon Opera House"
    location: "Lebanon, NH"

  - date: "November 2 2007"
    venue: "The Rex"
    location: "Pittsburgh,PA"

  - date: "November 3 2007"
    venue: "Town Ballroom"
    location: "Buffalo, NY"

  - date: "November 21 2007"
    venue: "The Whitaker Center"
    location: "Harrisburg, PA"

  - date: "November 23 2007"
    venue: "The Keswick Theatre"
    location: "Glenside, PA"

  - date: "November 24 2007"
    venue: "Rams Head Live!"
    location: "Baltimore, MD"

  - date: "December 6 2007"
    venue: "Memorial Hall - James Madison University"
    location: "Harrisonburg, VA"

  - date: "December 6 2007"
    venue: "Lincoln Theatre"
    location: "Raleigh, NC"

  - date: "December 6 2007"
    venue: "Revolution"
    location: "Ft Lauderdale, FL"

  - date: "December 8 2007"
    venue: "Starland Ballroom"
    location: "Sayreville, NJ"

  - date: "December 14 2007"
    venue: "Toad's Place"
    location: "New Haven. CT"

  - date: "December 22 2007"
    venue: "Revolution Hall"
    location: "Troy, NY"

  - date: "December 27 2007"
    venue: "HighLine Ballroom"
    location: "NYC"

  - date: "December 28 2007"
    venue: "BB KING's"
    location: "NYC"

  - date: "December 29 2007"
    venue: "BB KING's"
    location: "NYC"

  - date: "December 30 2007"
    venue: "Scottish Rite Theatre"
    location: "Collingswood, NJ"

  - date: "December 31 2007"
    venue: "Penns Peak"
    location: "Jim Thorpe, PA"

  - date: "January 10 2008"
    venue: "Visulite Theatre"
    location: "Charlotte, NC"

  - date: "January 11 2008"
    venue: "Lincoln Theatre"
    location: "Raleigh, NC"

  - date: "January 11 2008"
    venue: "Pickle Barrel"
    location: "Killington, VT"

  - date: "January 12 2008"
    venue: "Orange Peel"
    location: "Asheville, NC"

  - date: "January 15 2008"
    venue: "Music Farm"
    location: "Charleston, SC"

  - date: "January 16 2008"
    venue: "Freebird Live"
    location: "Jacksonville Beach, FL"

  - date: "January 17 2008"
    venue: "The Social"
    location: "Orlando, FL"

  - date: "January 18 2008"
    venue: "State Theatre"
    location: "St. Petersburg, FL"

  - date: "January 19 2008"
    venue: "Revolution"
    location: "Ft Lauderdale, FL"

  - date: "January 21 2008"
    venue: "Tremont Music Hall"
    location: "Charlotte, NC"

  - date: "January 22 2008"
    venue: "House Of Blues"
    location: "New Orleans, LA"

  - date: "January 23 2008"
    venue: "Workplay Theatre"
    location: "Birmingham. AL"

  - date: "January 23 2008"
    venue: "Lincoln Theatre"
    location: "Raleigh, NC"

  - date: "January 24 2008"
    venue: "Legends At Appalacian State University"
    location: "Boone, NC"

  - date: "January 24 2008"
    venue: "Rhythm & Brews"
    location: "Chattanooga, TN"

  - date: "January 25 2008"
    venue: "Rhythm & Brews"
    location: "Chatanooga, TN"

  - date: "January 26 2008"
    venue: "Variety Playhouse"
    location: "Atlanta, GA"

  - date: "January 31 2008"
    venue: "Plaza Theatre"
    location: "Orlando, FL"

  - date: "February 2 2008"
    venue: "Maryland Theatre"
    location: "Hagerstown, MD"

  - date: "February 14 2008"
    venue: "Xanadu @ Trump Taj Mahal"
    location: "Atlantic City, NJ"

  - date: "February 16 2008"
    venue: "Trump Marina"
    location: "Atlantic City, NJ"

  - date: "February 22 2008"
    venue: "Arcadia Performing Arts Center"
    location: "Windber, PA"

  - date: "February 23 2008"
    venue: "The State Theatre"
    location: "Falls Church, VA"

  - date: "March 6 2008"
    venue: "Music Hall"
    location: "Portsmouth, NH"

  - date: "March 21 2008"
    venue: "Stockbridge Theatre"
    location: "Derry, NH"

  - date: "March 22 2008"
    venue: "Higher Ground"
    location: "Burlington, VT"

  - date: "March 28 2008"
    venue: "The Norva"
    location: "Norfolk, VA"

  - date: "March 29 2008"
    venue: "The National"
    location: "Richmond, VA"

  - date: "April 3 2008"
    venue: "Belly Up"
    location: "Aspen, CO"

  - date: "April 4 2008"
    venue: "The Ogden"
    location: "Denver, CO"

  - date: "April 12 2008"
    venue: "Lincoln Theater"
    location: "U of Hartford  in  W. Hartford, CT"

  - date: "April 18 2008"
    venue: "Revolution Hall"
    location: "Troy, NY"

  - date: "April 19 2008"
    venue: "Plaza Theatre"
    location: "Orlando, FL"

  - date: "April 25 2008"
    venue: "The Chance"
    location: "Poughkeepsie, NY"

  - date: "April 26 2008"
    venue: "Colonial Theater"
    location: "Keene, NH"

  - date: "May 10 2008"
    venue: "St. John The Baptist Center For The Performing Arts"
    location: "West Islip, NY"

  - date: "May 16 2008"
    venue: "BB Kings"
    location: "New York City"

  - date: "May 18 2008"
    venue: "Whitaker Center"
    location: "Harrisburg, PA"

  - date: "May 24 2008"
    venue: "WCSX - FM"
    location: "Detroit, MI"

  - date: "May 31 2008"
    venue: "Summer Stage At Tag's"
    location: "Big Flats, NY"

  - date: "June 14 2008"
    venue: "Surf Club"
    location: "Ortley Beach, NJ"

  - date: "June 20 2008"
    venue: "Penns Peak"
    location: "Jim Thorpe, PA"

  - date: "June 21 2008"
    venue: "High Point Theatre"
    location: "High Point, NC"

  - date: "June 27 2008"
    venue: "Paramount Center"
    location: "Rutland, VT"

  - date: "July 1 2008"
    venue: "PERFORMING FOR OUR TROOPS"
    location: "SOUTH KOREA"

  - date: "July 11 2008"
    venue: "Rocks Off Concert Cruise"
    location: "New York City"

  - date: "July 18 2008"
    venue: "The National"
    location: "Richmond, VA"

  - date: "July 19 2008"
    venue: "The Norva"
    location: "Norfolk, VA"

  - date: "July 25 2008"
    venue: "Mann Center"
    location: "Philadelphia, PA"

  - date: "August 8 2008"
    venue: "Stephen Talk House"
    location: "Amagansett LI, NY"

  - date: "August 9 2008"
    venue: "Metro NY Balloon & Music Festival"
    location: "Shirley, LI, NY"

  - date: "August 21 2008"
    venue: "San Diego Symphony"
    location: "San Diego, CA"

  - date: "August 23 2008"
    venue: "Belly Up"
    location: "Aspen, CO"

  - date: "August 29 2008"
    venue: "Rocks Off Concert Cruise"
    location: "New York City"

  - date: "September 12 2008"
    venue: "Lupo's Heartbreak Hotel"
    location: "Providence, RI"

  - date: "September 20 2008"
    venue: "Sovereign Center"
    location: "Reading, PA"

  - date: "September 27 2008"
    venue: "Starland Ballroom"
    location: "Sayerville, NJ"

  - date: "October 3 2008"
    venue: "Magic City Music Hall"
    location: "Johnson City, NY"

  - date: "October 11 2008"
    venue: "Seneca Niagra Falls Casino"
    location: "Niagra Falls, NY"

  - date: "October 13 2008"
    venue: "Moogfest @ Hammerstein Ballroom"
    location: "New York City"

  - date: "October 17 2008"
    venue: "Tarrytown Music Hall"
    location: "Tarrytown, NY"

  - date: "October 24 2008"
    venue: "Toad's Place"
    location: "New Haven, CT"

  - date: "October 25 2008"
    venue: "Westbury Music Fair"
    location: "Westbury, NY"

  - date: "November 1 2008"
    venue: "SUNY Dehi"
    location: "Delhi, NY"

  - date: "November 8 2008"
    venue: "Showcase Live"
    location: "Foxborough, MA"

  - date: "November 14 2008"
    venue: "Higher Ground"
    location: "Burlington, VT"

  - date: "November 15 2008"
    venue: "Lebanon Opera House"
    location: "Lebanon, NH"

  - date: "November 26 2008"
    venue: "The Whitaker"
    location: "Harrisburg, PA"

  - date: "November 28 2008"
    venue: "Keswick Theatre"
    location: "Glenside, PA"

  - date: "November 29 2008"
    venue: "The State"
    location: "Falls Church, VA"

  - date: "December 13 2008"
    venue: "Revolution Hall"
    location: "Troy, NY"

  - date: "December 26 2008"
    venue: "Scottish Rite Auditorium"
    location: "Collingswood, NJ"

  - date: "December 27 2008"
    venue: "BB King's"
    location: "New York City"

  - date: "December 28 2008"
    venue: "BB King's"
    location: "New York City"

  - date: "December 28 2008"
    venue: "BB King's"
    location: "New York City"

  - date: "December 31 2008"
    venue: "Penn's Peak"
    location: "Jim Thorpe, PA"

  - date: "January 10 2009"
    venue: "Sugarloaf Ski Area"
    location: "Carrabassett Valley, ME"

  - date: "January 11 2009"
    venue: "Pickle Barrel"
    location: "Killington, VT"

  - date: "January 17 2009"
    venue: "Maryland Theatre"
    location: "Hagerstown, MD"

  - date: "January 21 2009"
    venue: "Tremont Music Hall"
    location: "Charlotte, NC"

  - date: "January 22 2009"
    venue: "The Orange Peel"
    location: "Asheville, NC"

  - date: "January 23 2009"
    venue: "Lincoln Theatre"
    location: "Raleigh, NC"

  - date: "January 24 2009"
    venue: "Rhythm & Brews"
    location: "Chattanooga, TN"

  - date: "January 25 2009"
    venue: "Variety Playhouse"
    location: "Atlanta, GA"

  - date: "January 27 2009"
    venue: "Workplay Theatre"
    location: "Birmingham, AL"

  - date: "January 28 2009"
    venue: "The Moon"
    location: "Tallassee, FL"

  - date: "January 29 2009"
    venue: "Revolution Hall"
    location: "Fort Lauderdale, FL"

  - date: "January 30 2009"
    venue: "Largo Cultural Center"
    location: "Largo, FL"

  - date: "January 31 2009"
    venue: "Plaza Theatre"
    location: "Orlando, FL"

  - date: "February 5 2009"
    venue: "The National"
    location: "Richmond, VA"

  - date: "February 6 2009"
    venue: "Norva"
    location: "Norfolk, VA"

  - date: "February 7 2009"
    venue: "Ram's Head Live"
    location: "Baltimore, MD"

  - date: "February 14 2009"
    venue: "Xanadu @ Trump Taj Mahal"
    location: "Atlantic City, NJ"

  - date: "February 21 2009"
    venue: "Webster Theatre"
    location: "Hartford, CT"

  - date: "March 6 2009"
    venue: "Music Hall"
    location: "Portsmouth, NH"

  - date: "March 7 2009"
    venue: "Paramount Theatre"
    location: "Middletown, NY"

  - date: "March 20 2009"
    venue: "Toad's Place"
    location: "New Haven, CT"

  - date: "March 27 2009"
    venue: "Cervantes Ballroom"
    location: "Denver, CO"

  - date: "March 28 2009"
    venue: "The Belly Up"
    location: "Aspen, CO"

  - date: "April 3 2009"
    venue: "Mr Smalls Theatre"
    location: "Pittsburgh, PA"

  - date: "April 4 2009"
    venue: "New York State Fairgrounds / Center of Progress building"
    location: "Syracuse, NY"

  - date: "April 17 2009"
    venue: "Port City Music Hall"
    location: "Portland, ME"

  - date: "April 18 2009"
    venue: "Colonial Theatre"
    location: "Pittsfield, MA"

  - date: "April 24 2009"
    venue: "Higher Ground Ballroom"
    location: "Burlington, VT"

  - date: "April 25 2009"
    venue: "Showcase Live"
    location: "Foxborough, MA"

  - date: "May 1 2009"
    venue: "Symphony Space NYC"
    location: "New York, NY"

  - date: "May 2 2009"
    venue: "Whitaker Center"
    location: "Harrisburg, PA"

  - date: "May 9 2009"
    venue: "Seneca Niagra Casino"
    location: "Niagra Falls, NY"

  - date: "May 29 2009"
    venue: "Rhythm & Brews"
    location: "Chattanooga, TN"

  - date: "May 30 2009"
    venue: "Music at McClellan Series"
    location: "Anniston, AL"

  - date: "June 12 2009"
    venue: "The Keswick Theatre"
    location: "Glenside, PA"

  - date: "June 13 2009"
    venue: "Rams Head On Stage"
    location: "Annapolis, MD"

  - date: "June 19 2009"
    venue: "The Sherman Theatre"
    location: "Stroudsburg, PA"

  - date: "June 20 2009"
    venue: "Tags Summerstage"
    location: "Big Flats, NY"

  - date: "June 24 2009"
    venue: "Seminole Hard Rock Casino Arena"
    location: "Hollywood, FL"

  - date: "June 26 2009"
    venue: "Rocks Off Concert Cruise"
    location: "New York, NY"

  - date: "June 27 2009"
    venue: "The Surf Club"
    location: "Ortley Beach, NJ"

  - date: "July 2 2009"
    venue: "Lock 3 Ampitheatre"
    location: "Akron, OH"

  - date: "July 10 2009"
    venue: "Heinz Hall"
    location: "Pittsburgh, PA"

  - date: "July 17 2009"
    venue: "The Norva"
    location: "Norfolk, VA"

  - date: "July 18 2009"
    venue: "The State Theatre"
    location: "Falls Church, VA"

  - date: "July 19 2009"
    venue: "East Providence Heritage Festival"
    location: "Pierce Stadium- E. Providence, RI"

  - date: "July 23 2009"
    venue: "Gathering Of The Vibes"
    location: "Bridgeport, CT"

  - date: "July 25 2009"
    venue: "The National"
    location: "Richmond, VA"

  - date: "July 31 2009"
    venue: "Rochester Public Market"
    location: "Rochester, NY"

  - date: "August 8 2009"
    venue: "Paramount Theatre"
    location: "Rutland, VT"

  - date: "August 11 2009"
    venue: "Art Park"
    location: "Buffalo, NY"

  - date: "August 21 2009"
    venue: "Toads place"
    location: "New Haven, CT"

  - date: "August 22 2009"
    venue: "Tags Summerstage"
    location: "Big Flats, NY"

  - date: "August 29 2009"
    venue: "Rocks Off Concert Cruise"
    location: "New York, NY"

  - date: "September 10 2009"
    venue: "The State Theatre"
    location: "State College, PA"

  - date: "September 17 2009"
    venue: "The Music Farm"
    location: "Charleston, SC"

  - date: "September 18 2009"
    venue: "Valarium"
    location: "Knoxville,TN"

  - date: "September 19 2009"
    venue: "Lincoln Theatre"
    location: "Raleigh, NC"

  - date: "September 25 2009"
    venue: "The Starland Ballroom"
    location: "Sayreville, NJ"

  - date: "October 2 2009"
    venue: "Westbury Music Fair"
    location: "Westbury, NY"

  - date: "October 3 2009"
    venue: "House of Blues"
    location: "Dallas, TX"

  - date: "October 4 2009"
    venue: "House of Blues"
    location: "Houston, TX"

  - date: "October 9 2009"
    venue: "The Sovereign Center"
    location: "Reading, PA"

  - date: "October 16 2009"
    venue: "Lebanon Opera House"
    location: "Lebanon, NH"

  - date: "October 24 2009"
    venue: "Weinberg Center for the Arts"
    location: "Frederick, MD"

  - date: "October 30 2009"
    venue: "B.B. King Blues Club"
    location: "New York, NY"

  - date: "November 6 2009"
    venue: "Calumet Theater"
    location: "Calumet, MI"

  - date: "November 7 2009"
    venue: "Lucille Tack Center for the Arts"
    location: "Spencer, WI"

  - date: "November 13 2009"
    venue: "Paramount Theatre"
    location: "Middletown, NY"

  - date: "November 14 2009"
    venue: "Tupelo Music Hall"
    location: "Salisbury, MA"

  - date: "November 20 2009"
    venue: "Tarrytown Music Hall"
    location: "Tarrytown, NY"

  - date: "November 21 2009"
    venue: "German House Theater"
    location: "Rochester, NY"

  - date: "November 25 2009"
    venue: "Whitaker Center"
    location: "Harrisburg, PA"

  - date: "November 27 2009"
    venue: "Keswick Theatre"
    location: "Glenside, PA"

  - date: "November 28 2009"
    venue: "State Theatre"
    location: "Falls Church, VA"

  - date: "December 4 2009"
    venue: "Showcase LIVE"
    location: "Foxborough, MA"

  - date: "December 5 2009"
    venue: "Higher Ground Ballroom"
    location: "South Burlington, VT"

  - date: "December 18 2009"
    venue: "Riviera Theatre"
    location: "North Tonawanda, NY"

  - date: "December 19 2009"
    venue: "Northern Lights"
    location: "Clifton Park, NY"

  - date: "December 29 2009"
    venue: "B.B. King Blues Club"
    location: "New York, NY"

  - date: "December 30 2009"
    venue: "B.B. King Blues Club"
    location: "New York, NY"

  - date: "January 8 2010"
    venue: "Lincoln Theatre"
    location: "Raleigh, NC"

  - date: "January 9 2010"
    venue: "Lincoln Theatre"
    location: "Raleigh, NC"

  - date: "January 10 2010"
    venue: "Jefferson Theatre"
    location: "Charlottesville, VA"

  - date: "January 13 2010"
    venue: "Visulite Theatre"
    location: "Charlotte, NC"

  - date: "January 14 2010"
    venue: "The Orange Peel"
    location: "Asheville, NC"

  - date: "January 15 2010"
    venue: "Rhythm and Brews"
    location: "Chattanooga, TN"

  - date: "January 16 2010"
    venue: "House of Blues New Orleans"
    location: "New Orleans, LA"

  - date: "January 17 2010"
    venue: "Workplay Theatre"
    location: "Birmingham, AL"

  - date: "January 21 2010"
    venue: "Lupo's Heartbreak Hotel"
    location: "Providence, RI"

  - date: "January 22 2010"
    venue: "NorVa"
    location: "Norfolk, VA"

  - date: "January 23 2010"
    venue: "The National"
    location: "Richmond, VA"

  - date: "January 29 2010"
    venue: "Scottish Rite Auditorium"
    location: "Collingswood, NJ"

  - date: "February 12 2010"
    venue: "Mr. Smalls Theatre"
    location: "Millvale, PA"

  - date: "February 13 2010"
    venue: "Strand Capitol Center"
    location: "York, PA"

  - date: "February 20 2010"
    venue: "Westcott Theatre"
    location: "Syracuse, NY"

  - date: "February 23 2010"
    venue: "Arcadia Performing Arts Center"
    location: "Windber, PA"

  - date: "March 5 2010"
    venue: "Lupo's Heartbreak Hotel"
    location: "Providence, RI"

  - date: "March 12 2010"
    venue: "Barrymore Theatre"
    location: "Madison, WI"

  - date: "March 13 2010"
    venue: "Grand Casino"
    location: "Hinckley, MN"

  - date: "March 20 2010"
    venue: "Ram's Head"
    location: "Annapolis, MD"

  - date: "March 27 2010"
    venue: "Penn's Peak"
    location: "Jim Thorpe, PA"

  - date: "April 2 2010"
    venue: "Atlanta Symphony Orchestra"
    location: "Atlanta, GA"

  - date: "April 17 2010"
    venue: "Boulton Center"
    location: "Bay Shore, NY"

  - date: "April 24 2010"
    venue: "State Theatre"
    location: "Falls Church, VA"

  - date: "April 29 2010"
    venue: "Collins Center for the Arts"
    location: "Orono, ME"

  - date: "April 30 2010"
    venue: "The Music Hall"
    location: "Portsmouth, NH"

  - date: "May 6 2010"
    venue: "Revolution LIVE"
    location: "Ft. Lauderdale, FL"

  - date: "May 7 2010"
    venue: "Plaza Theatre"
    location: "Orlando, FL"

  - date: "May 8 2010"
    venue: "Jacksonville Symphony Orchestra"
    location: "Jacksonville, FL"

  - date: "May 9 2010"
    venue: "The Moon"
    location: "Tallahassee, FL"

  - date: "May 15 2010"
    venue: "Toad's Place"
    location: "New Haven, CT"

  - date: "May 21 2010"
    venue: "Ram's Head Live"
    location: "Baltimore, MD"

  - date: "May 22 2010"
    venue: "Mr. Smalls Theatre"
    location: "Millvale, PA"

  - date: "June 3 2010"
    venue: "Wakarusa Festival"
    location: "Ozark, AR"

  - date: "June 11 2010"
    venue: "Celebrate Virginia Live"
    location: "Fredericksburg, VA"

  - date: "June 12 2010"
    venue: "Loudoun Summer Music Festival"
    location: "Ashburn, VA"

  - date: "June 18 2010"
    venue: "Keswick Theatre"
    location: "Glenside, PA"

  - date: "June 19 2010"
    venue: "Rocks Off Concert Cruise"
    location: "New York, NY"

  - date: "July 7 2010"
    venue: "Union County Summer Arts Festival"
    location: "Mountainside, NJ"

  - date: "July 9 2010"
    venue: "The National"
    location: "Richmond, VA"

  - date: "July 10 2010"
    venue: "Norva"
    location: "Norfolk, VA"

  - date: "July 16 2010"
    venue: "Lock 3 Amphitheatre"
    location: "Akron, OH"

  - date: "July 18 2010"
    venue: "Common Ground Music Festival"
    location: "Lansing, MI"

  - date: "July 30 2010"
    venue: "Lake Superior Big Top Chautauqua"
    location: "Bayfield, WI"

  - date: "July 31 2010"
    venue: "Door Community Auditorium"
    location: "Fish Creek, WI"

  - date: "August 4 2010"
    venue: "Kloster Hirsau"
    location: "Calw, Germany"

  - date: "August 6 2010"
    venue: "Newport Yachting Center"
    location: "Newport, RI"

  - date: "August 7 2010"
    venue: "Center for the Arts - Natick"
    location: "Natick, MA"

  - date: "August 20 2010"
    venue: "Hilton Theatre"
    location: "Atlantic City, NJ"

  - date: "August 21 2010"
    venue: "Budweiser Amphitheatre"
    location: "Baldwinsville, NY"

  - date: "August 27 2010"
    venue: "Brooklyn Bowl"
    location: "Brooklyn, NY"

  - date: "August 31 2010"
    venue: "ArtPark Festival"
    location: "Lewiston, NY"

  - date: "September 3 2010"
    venue: "Beverly Arts Center"
    location: "Chicago, IL"

  - date: "September 4 2010"
    venue: "Little River Casino"
    location: "Manistee, MI"

  - date: "September 5 2010"
    venue: "Little River Casino"
    location: "Manistee, MI"

  - date: "September 10 2010"
    venue: "Toad's Place"
    location: "New Haven, CT"

  - date: "September 17 2010"
    venue: "Sellersville Theatre 1894"
    location: "Sellersville, PA"

  - date: "September 18 2010"
    venue: "Starland Ballroom"
    location: "Sayreville, NJ"

  - date: "October 8 2010"
    venue: "Sovereign Performing Arts Center"
    location: "Reading, PA"

  - date: "October 9 2010"
    venue: "River Street Jazz Café"
    location: "Wilkes Barre, PA"

  - date: "October 23 2010"
    venue: "Maryland Theatre"
    location: "Hagerstown, MD"

  - date: "October 28 2010"
    venue: "Flying Monkey Performance Center"
    location: "Plymouth, NH"

  - date: "October 29 2010"
    venue: "Infinity Hall"
    location: "Norfolk, CT"

  - date: "October 30 2010"
    venue: "Tarrytown Music Hall"
    location: "Tarrytown, NY"

  - date: "October 31 2010"
    venue: "Theatre at Westbury"
    location: "Westbury, NY"

  - date: "November 11 2010"
    venue: "Showcase Live"
    location: "Foxborough, MA"

  - date: "November 12 2010"
    venue: "Blue Ocean Music Hall"
    location: "Salisbury, MA"

  - date: "November 13 2010"
    venue: "Higher Ground Ballroom"
    location: "South Burlington, VT"

  - date: "November 24 2010"
    venue: "Whitaker Center"
    location: "Harrisburg, PA"

  - date: "November 26 2010"
    venue: "Keswick Theatre"
    location: "Glenside, PA"

  - date: "November 27 2010"
    venue: "State Theatre"
    location: "Falls Church, VA"

  - date: "December 10 2010"
    venue: "Norva"
    location: "Norfolk, VA"

  - date: "December 11 2010"
    venue: "The National"
    location: "Richmond, VA"

  - date: "December 18 2010"
    venue: "Riviera Theatre"
    location: "North Tonawanda, NY"

  - date: "December 29 2010"
    venue: "B.B. King Blues Club"
    location: "New York, NY"

  - date: "December 30 2010"
    venue: "B.B. King Blues Club"
    location: "New York, NY"

  - date: "January 21 2011"
    venue: "Lupo's Heartbreak Hotel"
    location: "Providence, RI"

  - date: "January 22 2011"
    venue: "Ridgefield Playhouse"
    location: "Ridgefield, CT"

  - date: "January 28 2011"
    venue: "Casino Rama"
    location: "Orillia, Ontario, Canada"

  - date: "February 4 2011"
    venue: "Chance Theatre"
    location: "Poughkeepsie, NY"

  - date: "February 5 2011"
    venue: "Scottish Rite Auditorium"
    location: "Collingswood, NJ"

  - date: "February 26 2011"
    venue: "The Cosmopolitan of Las Vegas"
    location: "Las Vegas, NV"

  - date: "March 11 2011"
    venue: "Lupo's Heartbreak Hotel"
    location: "Providence, RI"

  - date: "March 12 2011"
    venue: "Harrah's Resort"
    location: "Atlantic City, NJ"

  - date: "March 18 2011"
    venue: "Jefferson Theater"
    location: "Charlottesville, VA"

  - date: "March 19 2011"
    venue: "Lincoln Theatre"
    location: "Raleigh, NC"

  - date: "March 25 2011"
    venue: "Mohegan Sun"
    location: "Uncasville, CT"

  - date: "March 26 2011"
    venue: "Brooklyn Bowl"
    location: "Brooklyn, NY"

  - date: "April 8 2011"
    venue: "Forum Theatre"
    location: "Binghamton, NY"

  - date: "April 9 2011"
    venue: "Warner Theatre"
    location: "Erie, PA"

  - date: "April 15 2011"
    venue: "Boulton Center"
    location: "Bay Shore, NY"

  - date: "May 13 2011"
    venue: "Whitaker Center"
    location: "Harrisburg, PA"

  - date: "June 3 2011"
    venue: "Katharine Hepburn Cultural Arts Center"
    location: "Old Saybrook, CT"

  - date: "June 4 2011"
    venue: "Rocks Off Concert Cruise"
    location: "NYC, NY"

  - date: "June 12 2011"
    venue: "Riverbend Festival"
    location: "Chattanooga, TN"

  - date: "June 17 2011"
    venue: "The State Theatre"
    location: "Falls Church, VA"

  - date: "June 18 2011"
    venue: "World Cafe Live"
    location: "Wilmington, DE"

  - date: "June 24 2011"
    venue: "Paramount Theatre"
    location: "Rutland, VT"

  - date: "June 25 2011"
    venue: "Center for the Arts in Natick"
    location: "Natick, MA"

  - date: "July 4 2011"
    venue: "Bangor Waterfront Pavilion"
    location: "Bangor, ME"

  - date: "July 8 2011"
    venue: "Musikfest Café at Steel Stacks"
    location: "Bethlehem, PA"

  - date: "July 28 2011"
    venue: "Harborfest"
    location: "Oswego, NY"

  - date: "July 31 2011"
    venue: "Rocks Off Concert Cruise"
    location: "NYC, NY"

  - date: "August 12 2011"
    venue: "Newport Sunset Music Series"
    location: "Newport, RI"

  - date: "August 13 2011"
    venue: "Wilbur Theatre"
    location: "Boston, MA"

  - date: "August 26 2011"
    venue: "Lock 3 Amphitheatre"
    location: "Akron, OH"

  - date: "August 27 2011"
    venue: "Tag's Summerstage"
    location: "Big Flat, NY"

  - date: "August 30 2011"
    venue: "Artpark"
    location: "Lewiston, NY"

  - date: "August 31 2011"
    venue: "NY State Fair"
    location: "Syracuse, NY"

  - date: "September 15 2011"
    venue: "Central Lakes College"
    location: "Brainerd, MN"

  - date: "September 17 2011"
    venue: "Fox Cities Performing Arts Center"
    location: "Appleton, WI"

  - date: "September 18 2011"
    venue: "Grand Casino"
    location: "Hinckley, MN"

  - date: "September 23 2011"
    venue: "Norva Theatre"
    location: "Norfolk, VA"

  - date: "September 24 2011"
    venue: "The National Theatre"
    location: "Richmond, VA"

  - date: "September 30 2011"
    venue: "Lupo's Heartbreak Hotel"
    location: "Providence, RI"

  - date: "October 1 2011"
    venue: "Landis Theatre"
    location: "Vineland, NJ"

  - date: "October 14 2011"
    venue: "State Theatre"
    location: "State College, PA"

  - date: "October 28 2011"
    venue: "Tarrytown Music Hall"
    location: "Tarrytown, NY"

  - date: "October 29 2011"
    venue: "Sovereign Center"
    location: "Reading, PA"

  - date: "November 11 2011"
    venue: "Higher Ground Ballroom"
    location: "S. Burlington, VT"

  - date: "November 12 2011"
    venue: "Colonial Theatre"
    location: "Keene, NH"

  - date: "November 20 2011"
    venue: "Infinity Hall"
    location: "Norfolk, CT"

  - date: "November 23 2011"
    venue: "Whitaker Center"
    location: "Harrisburg, PA"

  - date: "November 25 2011"
    venue: "Keswick Theatre"
    location: "Glenside, PA"

  - date: "November 26 2011"
    venue: "Theatre at Westbury"
    location: "Westbury, NY"

  - date: "December 3 2011"
    venue: "Sovereign Center"
    location: "Reading, PA"

  - date: "December 9 2011"
    venue: "Toad's Place"
    location: "New Haven, CT"

  - date: "December 10 2011"
    venue: "Sherman Theatre"
    location: "Stroudsburg, PA"

  - date: "December 17 2011"
    venue: "Riviera Theatre"
    location: "N. Tonawanda, NY"

  - date: "December 28 2011"
    venue: "Showcase Live"
    location: "Foxborough, MA"

  - date: "December 29 2011"
    venue: "BB KING BLUES"
    location: "New York City, NY"

  - date: "December 30 2011"
    venue: "BB KING BLUES"
    location: "New York City, NY"

  - date: "January 25 2012"
    venue: "Rigefield Playhouse"
    location: "Ridgefield, CT"

  - date: "February 11 2012"
    venue: "Scottish Rite Theater"
    location: "Collingswood, NJ"

  - date: "February 24 2012"
    venue: "Jefferson Theater"
    location: "Charlottesville, VA"

  - date: "February 25 2012"
    venue: "The State Theater"
    location: "Falls Church, VA"

  - date: "March 3 2012"
    venue: "Warner Theatre"
    location: "Erie, PA"

  - date: "March 9 2012"
    venue: "Community Theatre at the Mayo Center"
    location: "Morristown, NJ"

  - date: "March 10 2012"
    venue: "The Chance"
    location: "Poughkeepsie, NY"

  - date: "March 16 2012"
    venue: "Lupos"
    location: "Providence, RI"

  - date: "March 21 2012"
    venue: "The Orange Peel"
    location: "Asheville, NC"

  - date: "March 22 2012"
    venue: "Legends at Appalachian State"
    location: "Boone, NC"

  - date: "March 23 2012"
    venue: "Ziggy's"
    location: "Winston-Salem, NC"

  - date: "March 24 2012"
    venue: "Lincoln Theater"
    location: "Raleigh, NC"

  - date: "March 31 2012"
    venue: "Rochester Opera House"
    location: "Rochester, NH"

  - date: "April 5 2012"
    venue: "Brooklyn Bowl"
    location: "Brooklyn, NY"

  - date: "April 21 2012"
    venue: "Newton Theatre"
    location: "Newton, NJ"

  - date: "April 28 2012"
    venue: "Golden Nugget Casino"
    location: "Atlantic City, NJ"

  - date: "May 12 2012"
    venue: "Baltimore Soundstage"
    location: "Baltimore, MD"

  - date: "May 19 2012"
    venue: "Mighty High Mountain Fest"
    location: "Tuxedo, NY"

  - date: "June 1 2012"
    venue: "Showcase LIVE"
    location: "Foxborough, MA"

  - date: "June 2 2012"
    venue: "Starland Ballroom"
    location: "Sayreville, NJ"

  - date: "June 8 2012"
    venue: "Blue Ocean Music Hall"
    location: "Salisbury, MA"

  - date: "June 9 2012"
    venue: "Budweiser Papermill Amphitheatre"
    location: "Baldwinsville, NY"

  - date: "June 16 2012"
    venue: "Penn's Peak"
    location: "Jim Thorpe, PA"

  - date: "June 23 2012"
    venue: "Center For The Arts"
    location: "Grass Valley, CA"

  - date: "June 30 2012"
    venue: "Sky City Casino"
    location: "Acuma, NM"

  - date: "July 5 2012"
    venue: "Mohegan Sun"
    location: "Uncasville, CT"

  - date: "July 7 2012"
    venue: "Arcadia Performing Arts Center"
    location: "Windber, PA"

  - date: "July 14 2012"
    venue: "Innsbrook After Hours"
    location: "Midlothian, VA"

  - date: "July 20 2012"
    venue: "Paramount Theater"
    location: "Rutland, VT"

  - date: "July 21 2012"
    venue: "Mountain Park"
    location: "Holyoke, MA"

  - date: "July 22 2012"
    venue: "Gathering Of The Vibes"
    location: "Seaside Park, Bridgeport, CT"

  - date: "August 6 2012"
    venue: "Ocean City Music Pier"
    location: "Ocean City, NJ"

  - date: "August 9 2012"
    venue: "Jergel's Rhythm Grille"
    location: "Warrendale, PA"

  - date: "August 10 2012"
    venue: "Lock 3 Amphitheater"
    location: "Akron, OH"

  - date: "August 25 2012"
    venue: "Rocks Off Boat Cruise"
    location: "41 @ Pier NYC"

  - date: "August 28 2012"
    venue: "ArtPark Festival"
    location: "Lewiston, NY"

  - date: "September 7 2012"
    venue: "Lowell Summer Music Series"
    location: "Lowell, MA"

  - date: "September 8 2012"
    venue: "State Theater Portland"
    location: "Portland, ME"

  - date: "September 22 2012"
    venue: "The State Theatre"
    location: "Falls Church, VA"

  - date: "October 5 2012"
    venue: "Higher Ground"
    location: "Burlington, VT"

  - date: "October 26 2012"
    venue: "Tarrytown Music Hall"
    location: "Tarrytown NY"

  - date: "November 16 2012"
    venue: "lupos"
    location: "Providence, RI"

  - date: "November 21 2012"
    venue: "The Whitaker Center"
    location: "Harrisburg, PA"

  - date: "November 23 2012"
    venue: "The Keswick Theatre"
    location: "Glenside, PA"

  - date: "November 24 2012"
    venue: "The Chance Theatre"
    location: "Poughkeepsie, NY"

  - date: "November 30 2012"
    venue: "Toads Place"
    location: "New Haven,Ct"

  - date: "December 22 2012"
    venue: "Infinity Hall"
    location: "Norfolk, CT"

  - date: "December 26 2012"
    venue: "BB King Blues Club & Grill"
    location: "New York, NY"

  - date: "December 27 2012"
    venue: "BB King Blues Club & Grill"
    location: "New York, NY"

  - date: "December 28 2012"
    venue: "The Norva Theatre"
    location: "Norfolk,VA"

  - date: "December 29 2012"
    venue: "The National"
    location: "Richmond,VA"

  - date: "January 10 2013"
    venue: "The Orange Peel"
    location: "Asheville, NC"

  - date: "January 11 2013"
    venue: "The Lincoln Theatre"
    location: "Raleigh, NC"

  - date: "January 12 2013"
    venue: "Rhythm & Brews"
    location: "Chattanooga, TN"

  - date: "January 13 2013"
    venue: "Variety Playhouse"
    location: "Atlanta, GA"

  - date: "January 14 2013"
    venue: "Vinyl Music Hall"
    location: "Pensacola, FL"

  - date: "January 15 2013"
    venue: "The Work Play Theatre"
    location: "Birmingham, AL"

  - date: "January 17 2013"
    venue: "Lyric Theatre"
    location: "Stuart, FL"

  - date: "January 18 2013"
    venue: "Seminole Coconut Casino"
    location: "Coconut Creek, FL"

  - date: "January 19 2013"
    venue: "Largo Cultural Center"
    location: "Largo, FL"

  - date: "January 20 2013"
    venue: "Plaza Theatre"
    location: "Orlando, FL"

  - date: "January 25 2013"
    venue: "Ridgefield Playhouse"
    location: "Ridgefield, CT"

  - date: "February 2 2013"
    venue: "Scottish Rite Theater"
    location: "Collingswood, NJ"

  - date: "February 9 2013"
    venue: "Rams Head"
    location: "Annapolis, MD"

  - date: "February 23 2013"
    venue: "Boulton Center"
    location: "Bay Shore, NY"

  - date: "March 15 2013"
    venue: "Stadium Theatre Performing Arts"
    location: "Woonsocket, RI"

  - date: "March 16 2013"
    venue: "The Kate"
    location: "Old Saybrook, CT"

  - date: "March 22 2013"
    venue: "The Flying Monkey"
    location: "Plymouth, NH"

  - date: "March 23 2013"
    venue: "Jay Peak Resort"
    location: "Jay, VT"

  - date: "April 5 2013"
    venue: "Seneca Niagara Falls Casino"
    location: "Niagara Falls, NY"

  - date: "April 6 2013"
    venue: "The Westcott Theatre"
    location: "Syracuse, NY"

  - date: "April 13 2013"
    venue: "The Newton Theatre"
    location: "Newton, NJ"

  - date: "April 20 2013"
    venue: "Upstate Concert Hall"
    location: "Clifton Park, NY"

  - date: "April 27 2013"
    venue: "Sands Bethlehem Event Center"
    location: "Bethlehem, PA"

  - date: "May 3 2013"
    venue: "Jefferson Theater"
    location: "Charlottesville, VA"

  - date: "May 4 2013"
    venue: "The State Theatre"
    location: "Falls Church, VA"

  - date: "May 11 2013"
    venue: "BB King's"
    location: "New York, NY"

  - date: "June 1 2013"
    venue: "Stage One"
    location: "Fairfield,CT"

  - date: "June 29 2013"
    venue: "Dillon Ampitheatre"
    location: "Dillon, CO"

  - date: "July 5 2013"
    venue: "Enfield Fourth of July Celebration"
    location: "Enfield, CT"

  - date: "July 6 2013"
    venue: "Lock 3 Amphitheater"
    location: "Akron, OH"

  - date: "July 30 2013"
    venue: "ArtPark Amphitheatre"
    location: "Lewiston, NY"

  - date: "July 31 2013"
    venue: "Jergel’s Rhythm Grille"
    location: "Warrendale, PA"

  - date: "August 22 2013"
    venue: "World Cafe Live"
    location: "Wilmington, DE"

  - date: "September 13 2013"
    venue: "Toad's Place"
    location: "New Haven, CT"

  - date: "September 21 2013"
    venue: "Rocks Off Cruise aboard the Circle Line"
    location: "New York, NY"

  - date: "September 27 2013"
    venue: "Infinity Music Hall"
    location: "Norfolk, CT"

  - date: "September 28 2013"
    venue: "The Wilbur Theater"
    location: "Boston, MA"

  - date: "October 11 2013"
    venue: "Starland Ballroom"
    location: "Sayreville, NJ"

  - date: "October 26 2013"
    venue: "Tarrytown Music Hall"
    location: "Tarrytown, NY"

  - date: "October 31 2013"
    venue: "Okun Theater at SUNY"
    location: "Delhi, NY"

  - date: "November 8 2013"
    venue: "The Santander Center (formerly Sovereign Performing Arts Center)"
    location: "Reading, PA"

  - date: "November 9 2013"
    venue: "Levoy Theater"
    location: "Millville, NJ"

  - date: "November 23 2013"
    venue: "NYCB Theater at Westbury"
    location: "Westbury, NY"

  - date: "November 27 2013"
    venue: "The Whitaker Center"
    location: "Harrisburg, PA"

  - date: "November 29 2013"
    venue: "The Keswick Theatre"
    location: "Glenside, PA"

  - date: "November 30 2013"
    venue: "The Chance Theater"
    location: "Poughkeepsie, NY"

  - date: "December 26 2013"
    venue: "The National"
    location: "Richmond, VA"

  - date: "December 27 2013"
    venue: "NorVa Theater"
    location: "Norfolk, VA"

  - date: "December 28 2013"
    venue: "State Theater"
    location: "Falls Church, VA"

  - date: "December 29 2013"
    venue: "BB KING BLUES"
    location: "NY NY"

  - date: "January 9 2014"
    venue: "The Orange Peel"
    location: "Asheville, North Carolina"

  - date: "January 10 2014"
    venue: "The Lincoln Theater"
    location: "Raleigh, North Carolina"

  - date: "January 11 2014"
    venue: "Rhythm and Brews Chattanooga"
    location: "Chattanooga, TN"

  - date: "January 12 2014"
    venue: "The Blackstock"
    location: "Knoxville, TN"

  - date: "January 13 2014"
    venue: "The Charleston Pour House"
    location: "Charleston, South Carolina"

  - date: "January 15 2014"
    venue: "Lyric Theatre"
    location: "Stuart, FL"

  - date: "January 16 2014"
    venue: "The State Theater, St. Petersburg"
    location: "Saint Petersburg, FL"

  - date: "January 17 2014"
    venue: "Vinyl Music Hall"
    location: "Pensacola, FL"

  - date: "January 18 2014"
    venue: "The Saenger Theater, Mobile"
    location: "Mobile, AL"

  - date: "January 19 2014"
    venue: "Workplay"
    location: "Birmingham, AL"

  - date: "January 31 2014"
    venue: "Higher Ground"
    location: "S. Burlington, VT"

  - date: "February 1 2014"
    venue: "Blue Ocean Music Hall"
    location: "Salisbury, Massachussets"

  - date: "February 15 2014"
    venue: "Scottish Rite Temple"
    location: "Collingswood, NJ"

  - date: "February 16 2014"
    venue: "Seneca Allegheny Casino"
    location: "Salamanca, NY"

  - date: "February 27 2014"
    venue: "River Rock Casino Resort"
    location: "Richmond, BC, Canada"

  - date: "March 7 2014"
    venue: "State Theatre"
    location: "Portland, ME"

  - date: "March 8 2014"
    venue: "Flying Monkey Performance Center"
    location: "Plymouth, NH"

  - date: "March 21 2014"
    venue: "Stadium Theater Performing Arts Center"
    location: "Woonsocket, RI"

  - date: "April 5 2014"
    venue: "Calvin Theatre"
    location: "Northhampton, MA"

  - date: "April 18 2014"
    venue: "Upstate Concert Hall"
    location: "Clifton Park, NY"

  - date: "April 19 2014"
    venue: "Newton Theatre"
    location: "Newton, NJ"

  - date: "May 3 2014"
    venue: "Golden Nugget Showroom"
    location: "Atlantic City, NJ"

  - date: "May 10 2014"
    venue: "Stage One"
    location: "Fairfield, CT"

  - date: "May 17 2014"
    venue: "Towne Crier"
    location: "Beacon, NY"

  - date: "May 31 2014"
    venue: "Infinity Hall"
    location: "Norfolk, CT"

  - date: "June 14 2014"
    venue: "Lattitude 43 Music Festival at Artpark Amphitheater"
    location: "Lewiston, NY"

  - date: "June 20 2014"
    venue: "Sandstock"
    location: "Virginia Beach, VA"

  - date: "June 21 2014"
    venue: "Jefferson Theatre"
    location: "Charlottesville, VA"

  - date: "June 28 2014"
    venue: "Sellersville Theater"
    location: "Sellersville, PA"

  - date: "July 12 2014"
    venue: "World Cafe Live at the Queen"
    location: "Wilmington, DE"

  - date: "July 18 2014"
    venue: "The State Theatre"
    location: "State College, PA"

  - date: "July 19 2014"
    venue: "Rocks Off Concert Cruise"
    location: "New York, NY"

  - date: "July 25 2014"
    venue: "The Newport Yachting Center"
    location: "Downtown Newport, RI"

  - date: "July 26 2014"
    venue: "State Theatre of Culpeper"
    location: "Culpeper, VA"

  - date: "July 28 2014"
    venue: "Ocean City Music Pier"
    location: "Ocean City, NJ"

  - date: "August 1 2014"
    venue: "Blue Ocean Music Hall"
    location: "Salisbury, MA 01952"

  - date: "August 9 2014"
    venue: "Safari Niagra Amphitheatre"
    location: "Niagra-on-the-Lake, ON, CA"

  - date: "August 16 2014"
    venue: "Papermill Island Budweiser Amphitheater"
    location: "Baldwinsville, NY"

  - date: "August 22 2014"
    venue: "Rex Theater"
    location: "Pittsburgh PA"

  - date: "August 23 2014"
    venue: "Lock 3 Amphitheater"
    location: "Akron, OH"

  - date: "September 6 2014"
    venue: "Dillon Amphitheater"
    location: "Dillon, CO"

  - date: "September 12 2014"
    venue: "Starland Ballroom"
    location: "Sayreville NJ"

  - date: "September 20 2014"
    venue: "Levoy Theater"
    location: "Millville, NJ"

  - date: "October 3 2014"
    venue: "Brooklyn Bowl"
    location: "Brooklyn, NY"

  - date: "October 5 2014"
    venue: "Infinity Music Hall & Bistro"
    location: "Hartford, CT"

  - date: "October 10 2014"
    venue: "NYCB Theatre at Westbury"
    location: "Westbury, NY"

  - date: "October 25 2014"
    venue: "Santander Performing Arts Canter"
    location: "Reading, PA"

  - date: "November 7 2014"
    venue: "Rochester Opera House"
    location: "Rochester, NH"

  - date: "November 8 2014"
    venue: "Tarrytown Music Hall"
    location: "Tarrytown, NY"

  - date: "November 21 2014"
    venue: "The Norva Theatre"
    location: "Norfolk,VA"

  - date: "November 22 2014"
    venue: "The National"
    location: "Richmond VA"

  - date: "November 26 2014"
    venue: "Whitaker Center"
    location: "Harrisburg, PA"

  - date: "November 28 2014"
    venue: "The Keswick Theatre"
    location: "Glenside, PA"

  - date: "December 11 2014"
    venue: "Infinity Hall - Norfolk"
    location: "Norfolk,CT"

  - date: "December 27 2014"
    venue: "Upstate Concert Hall"
    location: "Clifton Park, NY"

  - date: "December 28 2014"
    venue: "B.B. King Blues Club & Grill New York"
    location: "New York, New York"

  - date: "January 23 2015"
    venue: "The Ridgefield Playhouse"
    location: "Ridgefield, CT"

  - date: "January 30 2015"
    venue: "Higher Ground"
    location: "South Burlington, VT"

  - date: "January 31 2015"
    venue: "State Theater"
    location: "Portland, ME"

  - date: "February 7 2015"
    venue: "The Alabama Theatre"
    location: "Birmingham, AL"

  - date: "February 14 2015"
    venue: "Scottish Rite Auditorium"
    location: "Collingswood, NJ"

  - date: "February 20 2015"
    venue: "Boulton Center"
    location: "Bay Shore, NY"

  - date: "February 21 2015"
    venue: "The Katharine Hepburn Cultural Arts Center"
    location: "Old Saybrook, CT"

  - date: "March 6 2015"
    venue: "The Chance Theater"
    location: "Poughkeepsie, NY"

  - date: "March 12 2015"
    venue: "Pickle Barrel Nightclub"
    location: "Killington, VT"

  - date: "March 13 2015"
    venue: "The Colonial Theatre"
    location: "Keene, NH"

  - date: "March 27 2015"
    venue: "The State Theatre"
    location: "Falls Church, VA"

  - date: "March 28 2015"
    venue: "The Jefferson Theater"
    location: "Charlottesville, VA"

  - date: "April 24 2015"
    venue: "Greenfield Lake Amphitheater"
    location: "wilmington, NC"

  - date: "April 25 2015"
    venue: "The State Theatre of Culpepper"
    location: "Culpepper, VA"

  - date: "May 1 2015"
    venue: "College Street Music Hall"
    location: "New Haven, CT"

  - date: "May 16 2015"
    venue: "South Orange Performing Arts Center"
    location: "South Orange, NJ"

  - date: "June 5 2015"
    venue: "The Towne Crier"
    location: "Beacon, NY"

  - date: "June 20 2015"
    venue: "Greenwich Odeum"
    location: "East Greenwich, RI"

  - date: "June 27 2015"
    venue: "The Pines Pavilion"
    location: "Endicott, NY"

  - date: "July 10 2015"
    venue: "Musikfest Cafe"
    location: "Bethlehem, PA"

  - date: "July 11 2015"
    venue: "The Newton Theatre"
    location: "Newton, NJ"

  - date: "July 13 2015"
    venue: "Ocean City Music Pier"
    location: "Ocean City, NJ"

  - date: "July 23 2015"
    venue: "World Cafe Live"
    location: "Philadelphia, PA"

  - date: "July 31 2015"
    venue: "Tanner Park"
    location: "Copiague, NY"

  - date: "August 8 2015"
    venue: "Rocks Off Concert Cruise"
    location: "New York, NY"

  - date: "August 13 2015"
    venue: "Blue Ocean Music Hall"
    location: "Salisbury, MA"

  - date: "August 14 2015"
    venue: "The Flying Monkey"
    location: "Plymouth, NH"

  - date: "August 22 2015"
    venue: "The Pines Pavillion"
    location: "Endicott, NY"

  - date: "September 3 2015"
    venue: "Beaver Island State Park"
    location: "Grand Island, NY"

  - date: "September 4 2015"
    venue: "Lock 3 Amphitheater"
    location: "Akron, OH"

  - date: "September 11 2015"
    venue: "Vermont State Fair"
    location: "Rutland, VT"

  - date: "September 19 2015"
    venue: "Starland Ballroom"
    location: "Sayreville, NJ"

  - date: "September 26 2015"
    venue: "Landis Theater"
    location: "Vineland, NJ"

  - date: "October 3 2015"
    venue: "Calvin Theatre"
    location: "Northampton, MA"

  - date: "October 10 2015"
    venue: "State Theatre of Ithaca"
    location: "Ithaca, NY"

  - date: "October 23 2015"
    venue: "NYCB Theatre at Westbury"
    location: "Westbury, NY"

  - date: "November 20 2015"
    venue: "Jay Peak Resort"
    location: "Jay, VT"

  - date: "November 21 2015"
    venue: "Tarrytown Music Hall"
    location: "Tarrytown, NY"

  - date: "November 25 2015"
    venue: "The Whitaker Center"
    location: "Harrisburg, PA"

  - date: "November 27 2015"
    venue: "Keswick Theatre"
    location: "Glenside, PA"

  - date: "December 11 2015"
    venue: "Ram's Head Live!"
    location: "Baltimore, MD"

  - date: "December 26 2015"
    venue: "The Warehouse @ FTC"
    location: "Fairfield, CT"

  - date: "December 29 2015"
    venue: "B.B. King Blues Club & Grill"
    location: "New York, NY"

  - date: "January 1 2016"
    venue: "The National"
    location: "Richmond, VA"

  - date: "January 2 2016"
    venue: "The NorVa"
    location: "Norfolk, VA"

  - date: "January 16 2016"
    venue: "Santander Performing Arts Center"
    location: "Reading, PA"

  - date: "January 22 2016"
    venue: "The Willows"
    location: "South Salem, NY"

  - date: "January 29 2016"
    venue: "Infinity Music Hall"
    location: "Norfolk, CT"

  - date: "February 5 2016"
    venue: "The Cabot"
    location: "Beverly, MA"

  - date: "February 12 2016"
    venue: "Scottish Rite Auditorium"
    location: "Collingswood, NJ"

  - date: "February 13 2016"
    venue: "The Strand Theater | NJ"
    location: "Lakewood, NJ"

  - date: "February 18 2016"
    venue: "Lincoln Theatre"
    location: "Raleigh, N.C."

  - date: "February 19 2016"
    venue: "Newberry Opera House"
    location: "Newberry, SC"

  - date: "February 20 2016"
    venue: "The Harvester Performance Center"
    location: "Rocky Mount, VA"

  - date: "February 26 2016"
    venue: "The Paramount Theatre"
    location: "Rutland, VT"

  - date: "February 27 2016"
    venue: "Stadium Theatre Performing Arts Centre"
    location: "Woonsocket, RI"

  - date: "March 18 2016"
    venue: "The State Theatre"
    location: "State College, PA"

  - date: "March 26 2016"
    venue: "Bergen Performing Arts Center"
    location: "Englewood, NJ"

  - date: "April 1 2016"
    venue: "The Ridgefield Playhouse"
    location: "Ridgefield, CT"

  - date: "April 2 2016"
    venue: "Bear's Den @ Seneca Niagara Casino"
    location: "Niagara, NY"

  - date: "April 8 2016"
    venue: "Jefferson Theater"
    location: "Charlottesville, VA"

  - date: "April 9 2016"
    venue: "The State Theatre"
    location: "Falls Church, VA"

  - date: "April 22 2016"
    venue: "Brooklyn Bowl"
    location: "Brooklyn, NY"

  - date: "April 30 2016"
    venue: "Higher Ground Ballroom"
    location: "South Burlington, VT"

  - date: "May 7 2016"
    venue: "Alabama Theatre"
    location: "Birmingham, AL"

  - date: "May 28 2016"
    venue: "Sellersville Theater 1894"
    location: "Sellersville, PA"

  - date: "May 29 2016"
    venue: "Strange Creek Campout, Camp Kee-Wanee"
    location: "Greenfield, MA"

  - date: "June 10 2016"
    venue: "Topgolf Las Vegas"
    location: "Las Vegas NV"

  - date: "June 11 2016"
    venue: "Harrah's Reno"
    location: "Reno, NV"

  - date: "June 25 2016"
    venue: "The Warehouse"
    location: "Fairfield, CT"

  - date: "July 15 2016"
    venue: "Blue Ocean Music Hall"
    location: "Salisbury, MA"

  - date: "July 16 2016"
    venue: "Flying Monkey"
    location: "Plymouth, NH"

  - date: "July 21 2016"
    venue: "Stearns Square, Springfield, MA"
    location: "Springfield, MA"

  - date: "July 23 2016"
    venue: "Paramount Hudson Valley"
    location: "Peekskill, NY"

  - date: "July 29 2016"
    venue: "The Newton Theatre"
    location: "Newton, NJ"

  - date: "August 5 2016"
    venue: "State Theatre"
    location: "Culpeper, VA"

  - date: "August 6 2016"
    venue: "Tally Ho Theatre"
    location: "Leesburg, VA"

  - date: "August 8 2016"
    venue: "Ocean City Music Pier"
    location: "Ocean City, NJ"

  - date: "August 13 2016"
    venue: "Stratton Mountain Resort"
    location: "Stratton, VT"

  - date: "August 20 2016"
    venue: "Rocks Off Concert Cruise Circle Line"
    location: "New York, NY"

  - date: "August 27 2016"
    venue: "Dillon Amphitheater"
    location: "Dillon, CO"

  - date: "September 2 2016"
    venue: "Lock 3 Amphitheatre"
    location: "Akron, OH"

  - date: "September 10 2016"
    venue: "The Jewel"
    location: "Manchester, NH"

  - date: "September 16 2016"
    venue: "Starland Ballroom"
    location: "Sayreville, New Jersey"  
  
  - date: "November 11 2016"
    venue: "State Theatre of Ithaca"
    venue-url: "http://statetheatreofithaca.frontgatetickets.com/event/5xtyh33sed49ty4q?__utma=261287375.363302258.1467396788.1467396788.1467396788.1&__utmb=261287375.2.10.1467396788&__utmc=261287375&__utmx=-&__utmz=261287375.1467396788.1.1.utmcsr=google|utmccn=(organic)|utmcmd=organic|utmctr=(not%20provided)&__utmv=-&__utmk=129955855"
    location: "Ithaca, NY"
    tickets-url: "https://statetheatreofithaca.frontgatetickets.com/event/5xtyh33sed49ty4q?__utma=261287375.363302258.1467396788.1467396788.1467396788.1&__utmb=261287375.2.10.1467396788&__utmc=261287375&__utmx=-&__utmz=261287375.1467396788.1.1.utmcsr=google|utmccn=(organic)|utmcmd=organic|utmctr=(not%20provided)&__utmv=-&__utmk=129955855"
    rsvp-url: "https://www.facebook.com/events/799770016790456/"

  - date: "November 12 2016"
    venue: "The Theatre at Westbury"
    venue-url: "http://concerts.livenation.com/event/0000510AD22344BD?_ga=1.254518728.1763300478.1474563014"
    location: "Westbury, NY"
    tickets-url: "http://concerts.livenation.com/event/0000510AD22344BD?_ga=1.254518728.1763300478.1474563014"
    rsvp-url: "https://www.facebook.com/events/1660149577633241/"

  - date: "November 19 2016"
    venue: "Tarrytown Music Hall"
    venue-url: "http://www.tarrytownmusichall.org/"
    location: "Tarrytown, NY"
    tickets-url: "https://tickets.tarrytownmusichall.org/default.asp?searchdate=11/1/2016&MonthSubmit=x"
    rsvp-url: "https://www.facebook.com/events/626298137525127/"

  - date: "November 23 2016"
    venue: "Whitaker Center"
    venue-url: "http://www.whitakercenter.org/"
    location: "Harrisburg, PA"
    tickets-url: "https://itkt.choicecrm.net/templates/WHIT/?prod=MACHINE"
    rsvp-url: "https://www.facebook.com/events/170334696744821/"

  - date: "November 25 2016"
    venue: "Keswick Theatre"
    venue-url: "http://www.axs.com/events/312008/the-machine-tickets?skin=keswick&src=AEGLIVE_WROAKDTT030115VEN001"
    location: "Glenside, PA"
    tickets-url: "http://www.axs.com/events/312008/the-machine-tickets?skin=keswick&src=AEGLIVE_WROAKDTT030115VEN001"
    rsvp-url: "https://www.facebook.com/events/137750083316060/"

  - date: "December 3 2016"
    venue: "Calvin Theatre"
    venue-url: "http://www.nbotickets.com/hall.asp?event=10356"
    location: "Northampton, MA"
    tickets-url: "http://www.nbotickets.com/hall.asp?event=10356"
    rsvp-url: "https://www.facebook.com/events/133567710402461/"

  - date: "December 27 2016"
    venue: "B.B. King Blues Bar & Club"
    venue-url: "http://www.bbkingblues.com/bio.php?id=7438"
    location: "New York, NY"
    tickets-url: "http://www.ticketmaster.com/event/0000512DB67322DE?brand=bbkingblues&camefrom=cfc_bbking_website"
    rsvp-url: "https://www.facebook.com/events/1826444997570116/"

  - date: "December 31 2016"
    venue: "The Rapids Theatre"
    venue-url: "http://www.rapidstheatre.com/event/97-rock-presents-a-special-new-years-eve-show-the-machine-performs-pink-floyd/"
    location: "Niagara Falls, NY"
    tickets-url: "http://www.rapidstheatre.com/event/97-rock-presents-a-special-new-years-eve-show-the-machine-performs-pink-floyd/"
    rsvp-url: "https://www.facebook.com/events/1787579498122143/"
    order: "1483160400000"

  - date: "January 19 2017"
    venue: "Largo Cultural Center"
    venue-url: "http://itkt.choicecrm.net/templates/LARG/"
    location: "Largo, FL"
    tickets-url: "https://itkt.choicecrm.net/templates/LARG/"
    rsvp-url: "https://www.facebook.com/events/1123559784401198/"
    order: "1484802000000"

  - date: "January 21 2017"
    venue: "Coral Springs Center for the Arts"
    venue-url: "http://ev5.evenue.net/cgi-bin/ncommerce3/SEGetEventInfo?ticketCode=GS%3ACSCC%3AC16%3AMACH01%3A&linkID=pfm-coralsprings&shopperContext=&pc=&caller=&appCode=&groupCode=CON&cgc="
    location: "Coral Springs, FL"
    tickets-url: "http://ev5.evenue.net/cgi-bin/ncommerce3/SEGetEventInfo?ticketCode=GS%3ACSCC%3AC16%3AMACH01%3A&linkID=pfm-coralsprings&shopperContext=&pc=&caller=&appCode=&groupCode=CON&cgc="
    rsvp-url: "https://www.facebook.com/events/654067421422482/"
    order: "1484974800000"

  - date: "February 3 2017"
    venue: "The Cabot"
    venue-url: "http://thecabot.org/event.cfm?id=244598&cart"
    location: "Beverly, MA"
    tickets-url: "http://thecabot.org/event.cfm?id=244598&cart"
    rsvp-url: "https://www.facebook.com/events/1659566457704943/"
    order: "1486098000000"

  - date: "February 4 2017"
    venue: "Stadium Theatre Performing Arts Center"
    venue-url: "http://www.stadiumtheatre.com/events/pink-floyd-the-machine-performs-pink-floyd-with-the-interstellar-light-show/38"
    location: "Woonsocket, RI"
    tickets-url: "http://www.stadiumtheatre.com/events/pink-floyd-the-machine-performs-pink-floyd-with-the-interstellar-light-show/38"
    rsvp-url: "https://www.facebook.com/events/280050835687052/"
    order: "1486184400000"

  - date: "February 10 2017"
    venue: "SCOTTISH RITE AUDITORIUM "
    venue-url: "http://scottishriteauditorium.com/"
    location: "Collingswood, NJ"
    tickets-url: "http://scottishriteauditorium.com/event/the-machine/"
    rsvp-url: "https://www.facebook.com/events/920972738039359/"
    order: "1486702800000"

  - date: "February 11 2017"
    venue: "Infinity Hall Norfolk"
    venue-url: "http://www.infinityhall.com/Events/the-machine-the-ultimate-pink-floyd-tribute-2-11-2017/"
    location: "Norfolk, CT"
    tickets-url: "http://www.infinityhall.com/Events/the-machine-the-ultimate-pink-floyd-tribute-2-11-2017/"
    rsvp-url: "https://www.facebook.com/events/1779869608937850/"
    order: "1486789200000"

  - date: "February 24 2017"
    venue: "State Theatre Portland"
    venue-url: "http://www.statetheatreportland.com/"
    location: "Portland ME"
    tickets-url: "http://www.ticketmaster.com/event/01005170F3753F87"
    rsvp-url: "https://www.facebook.com/events/1151766934942813/"
    order: "1487912400000"

  - date: "February 25 2017"
    venue: "Higher Ground"
    venue-url: "http://www.ticketfly.com/purchase/event/1377864?_ga=1.22475707.1434405732.1478709255"
    location: "South Burlington, VT"
    tickets-url: "https://www.ticketfly.com/purchase/event/1377864?_ga=1.22475707.1434405732.1478709255"
    rsvp-url: "https://www.facebook.com/events/353925938292982/"
    order: "1487998800000"

  - date: "January 6 2017"
    venue: "NorVa"
    venue-url: "http://www.axs.com/events/328484/the-machine-performs-pink-floyd-tickets?skin=aeglive&src=AEGLIVE_MAIN"
    location: "Norfolk, VA"
    tickets-url: "http://www.axs.com/events/328484/the-machine-performs-pink-floyd-tickets?skin=aeglive&src=AEGLIVE_MAIN"
    rsvp-url: "https://www.facebook.com/events/1250813784982819/"
    order: "1483678800000"

  - date: "January 7 2017"
    venue: "National Theatre"
    venue-url: "http://www.axs.com/events/328485/the-machine-performs-pink-floyd-tickets?skin=aeglive&src=AEGLIVE_MAIN"
    location: "Richmond, VA"
    tickets-url: "http://www.axs.com/events/328485/the-machine-performs-pink-floyd-tickets?skin=aeglive&src=AEGLIVE_MAIN"
    rsvp-url: "https://www.facebook.com/events/1868311480066899/"
    order: "1483765200000"